Workbook

Sheet 몬스멕타(가루)
A1: 몬스멕타
A2: ( Monsmeta )
A3: 성 분 | B3: 성분량 | C3: 단가 | D3: % | E3: \/kg | F3: 100g | G3: 3,000g | H3: 비고
A4: 1. LIQI(montmorillonite) 1,000 mesh | B4: 0.98 | C4: 2500 | D4: 0.8297 | E4: =C4*D4 -> 2074.25 | F4: =+D4*100 -> 82.97 | G4: =+D4*3000 -> 2489.1 | H4: =+F4+G4 -> 2572.07
A5: 2. Glucose | B5: 0.9 | C5: 3000 | D5: 0.15 | E5: =+C5*D5 -> 450 | F5: =+D5*100 -> 15 | G5: =+D5*3000 -> 450 | H5: ?
A6: 3. Vit. A(1,000,000P IU/kg) | B6: 300,000IU/kg | C6: 77000 | D6: 0.0003 | E6: =+C6*D6 -> 23.1 | F6: =+D6*100 -> 0.03 | G6: =+D6*3000 -> 0.9 | H6: 등록성분
A7: 4. Sodium Acetate | B7: 0.95 | C7: 13000 | D7: 0.01 | E7: =+C7*D7 -> 130 | F7: =+D7*100 -> 1 | G7: =+D7*3000 -> 30 | H7: ?
A8: 5. Sodium Propionate | B8: 0.95 | C8: 4000 | D8: 0.01 | E8: =+C8*D8 -> 40 | F8: =+D8*100 -> 1 | G8: =+D8*3000 -> 30 | H8: ?
A9: 소계 | D9: =SUM(D4:D8) -> 1 | E9: =SUM(E4:E8) -> 2717.35 | F9: =SUM(F4:F8) -> 100 | G9: =SUM(G4:G8) -> 3000
A10: 7. 부자재 | E10: 100
A11: 8. 제조비 | E11: 500
A12: 9. 기타(물류비) | E12: 0
A13: 소계 | E13: =+E10+E11+E12 -> 600 | G13: =+G9 -> 3000
A14: 합 계 | E14: =+E9+E13 -> 3317.35
A16: 1. 부자재비는 10kg 지대 포장( 제품명 : 몬스멕타 또는 항바산 ) 기준
A17: 2. 100ml, 200ml 디스펜서 포장( 제품명 : 피디겔 또는 로타겔 또는 몬스멕타 )시 부자재, 제조비 별도 계산
A18: 3. 셀라이프 포장( 제품명 : 몬스멕타 또는 파로코 )시 부자재, 제조비 별도 계산
A20: < 액상 현탁액 시험구 시험 제조 >
A22: 1. 위와 같이 100g을 만든 후 100ml 정제수에 10g, 15g, 20g을 잘 섞어 혼합한 후 상태를 확인한다.
A23: 2. 24시간후 위 3갸지 시험구 상태를 확인한다.
A24: 3. 7일후 위 3갸지 시험구 상태를 확인한다.
A25: 4. 30일후 위 3갸지 시험구 상태를 확인한다.

Sheet 몬스멕타(1차)
A1: 몬스멕타
A2: ( Monsmeta )
A3: 성 분 | B3: 성분량 | C3: 단가 | D3: % | E3: \/kg | F3: 100g | G3: 3,000g | H3: 비고
A4: 1. LIQI(montmorillonite) 1,000 mesh | B4: 0.98 | C4: 21700 | D4: 0.8297 | E4: =C4*D4 -> 18004.49 | F4: =+D4*100 -> 82.97 | G4: =+D4*3000 -> 2489.1 | H4: =+F4+G4 -> 2572.07
A5: 2. Glucose | B5: 0.9 | C5: 3000 | D5: 0.15 | E5: =+C5*D5 -> 450 | F5: =+D5*100 -> 15 | G5: =+D5*3000 -> 450 | H5: ?
A6: 3. Vit. A(1,000,000P IU/kg) | B6: 300,000IU/kg | C6: 77000 | D6: 0.0003 | E6: =+C6*D6 -> 23.1 | F6: =+D6*100 -> 0.03 | G6: =+D6*3000 -> 0.9
A7: 4. Sodium Acetate | B7: 0.95 | C7: 13000 | D7: 0.01 | E7: =+C7*D7 -> 130 | F7: =+D7*100 -> 1 | G7: =+D7*3000 -> 30 | H7: ?
A8: 5. Sodium Propionate | B8: 0.95 | C8: 4000 | D8: 0.01 | E8: =+C8*D8 -> 40 | F8: =+D8*100 -> 1 | G8: =+D8*3000 -> 30 | H8: ?
A9: 소계 | D9: =SUM(D4:D8) -> 1 | E9: =SUM(E4:E8) -> 18647.59 | F9: =SUM(F4:F8) -> 100 | G9: =SUM(G4:G8) -> 3000
A10: 7. 부자재 | E10: 100
A11: 8. 제조비 | E11: 500
A12: 9. 기타(물류비) | E12: 0
A13: 소계 | E13: =+E10+E11+E12 -> 600 | G13: =+G9 -> 3000
A14: 합 계 | E14: =+E9+E13 -> 19247.59
A16: 1. 부자재비는 10kg 지대 포장( 제품명 : 몬스멕타 또는 항바산 ) 기준
A17: 2. 100ml, 200ml 디스펜서 포장( 제품명 : 피디겔 또는 로타겔 또는 파보겔 )시 부자재, 제조비 별도 계산
A18: 3. 셀라이프 포장( 제품명 : 몬스멕타 또는 파로코 )시 부자재, 제조비 별도 계산
A20: < 액상 현탁액(겔) 시험구 시험 제조 >
A22: 1. 위와 같이 100g을 만든 후, 미리 만든 겔(정제수 57ml+바실러스 1ml+글리세린 25ml+잔탄검 0.3g) 순서대로 혼합한 준비용액 85ml에 위의 몬스멕타 가루 15g 잘 섞어 혼합한 후 상태를 확인한다. 100ml가 안될 경우 정제수를 추가하여 가급적 100ml를 맞추도록 한다.
A23: 2. 24시간후 위 3갸지 시험구 상태를 확인한다.
A24: 3. 7일후 위 3갸지 시험구 상태를 확인한다.
A25: 4. 30일후 위 3갸지 시험구 상태를 확인한다.

Sheet 로타겔(액상-30L)_1차
A1: 로타겔
A2: ( Rotagel )
A3: 성 분 | B3: 성분량 | C3: 단가 | D3: % | E3: \/kg | F3: 30,000ml | G3: 비고
A4: 1. 몬스멕타 | B4: 0.98 | C4: =+'몬스멕타(1차)'!E14 -> 19247.59 | D4: 0.1 | E4: =C4*D4 -> 1924.759 | F4: =+D4*30000 -> 3000
A5: 2. 글리세린 | B5: 0.9 | C5: 3000 | D5: 0.25 | E5: =+C5*D5 -> 750 | F5: =+D5*30000 -> 7500
A6: 3. 잔탄검 | C6: 77000 | D6: 0.003 | E6: =+C6*D6 -> 231 | F6: =+D6*30000 -> 90
A7: 4. 정제수 | C7: 10 | D7: 0.617 | E7: =+C7*D7 -> 6.17 | F7: =+D7*30000 -> 18510
A8: 5. Bacillus Subtilis | B8: 1.0x10^10 이상/kg | C8: 8500 | D8: 0.01 | E8: =+C8*D8 -> 85 | F8: =+D8*30000 -> 300 | G8: 항바이러스 기능
A9: 6. 마티바 유화제 | C9: 18900 | D9: 0.02 | E9: =+C9*D9 -> 378 | F9: =+D9*30000 -> 600
A10: 소계 | D10: =SUM(D4:D9) -> 1 | E10: =SUM(E4:E9) -> 3374.929 | F10: =SUM(F4:F9) -> 30000
A11: 7. 부자재 | E11: 500
A12: 8. 제조비 | E12: 1000
A13: 9. 기타(물류비) | E13: 0
A14: 소계 | E14: =+E11+E12+E13 -> 1500 | F14: =+F10 -> 30000 | H14: 200개
A15: 합 계 | E15: =+E10+E14 -> 4874.929
A17: 1. 부자재비는 10kg 지대 포장( 제품명 : 몬스멕타 또는 항바산 ) 기준
A18: 2. 100ml, 200ml 디스펜서 포장( 제품명 : 피디겔 또는 로타겔 또는 파보겔 )시 부자재, 제조비 별도 계산
A19: 3. 셀라이프 포장( 제품명 : 몬스멕타 또는 파로코 )시 부자재, 제조비 별도 계산
A21: < 액상 현탁액(겔) 시제품 제조 >
A22: 1. 앞에 시트에서와 같이 3,000g을 만든 후, 미리 만든 겔(정제수 18,510ml+바실러스 300l+글리세린 7,500ml+잔탄검 90.0g+유화제 600ml)를 순서대로 혼합한 준비용액 25,500ml에 앞의 몬스멕타 가루 4,500g 잘 섞어 혼합한 후, 30,000 ml가 안될 경우 정제수를 추가하여 가급적 30,000 ml를 맞추도록 한다. 이것을 100ml 100병, 200ml 100병에 분주한다.

Sheet 몬스멕타(2차)
A1: 몬스멕타
A2: ( Monsmeta )
A3: 성 분 | B3: 성분량 | C3: 단가 | D3: % | E3: \/kg | F3: 100g | G3: 2,000g | H3: 비고
A4: 1. LIQI(montmorillonite) 1,000 mesh | B4: 0.98 | C4: 21700 | D4: 0.9312 | E4: =C4*D4 -> 20207.04 | F4: =+D4*100 -> 93.12 | G4: =+D4*2000 -> 1862.4 | H4: =+F4+G4 -> 1955.52
A5: 2. Glucose | B5: 0.9 | C5: 3000 | D5: 0.05 | E5: =+C5*D5 -> 150 | F5: =+D5*100 -> 5 | G5: =+D5*2000 -> 100
A6: 3. Vit. A(1,000,000P IU/kg) | B6: 500,000IU/kg | C6: 77000 | D6: 0.0008 | E6: =+C6*D6 -> 61.6 | F6: =+D6*100 -> 0.08 | G6: =+D6*2000 -> 1.6
A7: 4. Sodium Acetate | B7: 0.95 | C7: 13000 | D7: 0.005 | E7: =+C7*D7 -> 65 | F7: =+D7*100 -> 0.5 | G7: =+D7*2000 -> 10
A8: 5. Sodium Propionate | B8: 0.95 | C8: 4000 | D8: 0.003 | E8: =+C8*D8 -> 12 | F8: =+D8*100 -> 0.3 | G8: =+D8*2000 -> 6
A9: 6. Bacillus Subtilis | B9: 1.0x10^10 이상/kg | C9: 8500 | D9: 0.01 | E9: =+C9*D9 -> 85 | F9: =+D9*100 -> 1 | G9: =+D9*2000 -> 20
A10: 소계 | D10: =SUM(D4:D9) -> 1 | E10: =SUM(E4:E9) -> 20580.64 | F10: =SUM(F4:F9) -> 100 | G10: =SUM(G4:G9) -> 2000
A11: 7. 부자재 | E11: 100
A12: 8. 제조비 | E12: 500
A13: 9. 기타(물류비) | E13: 0
A14: 소계 | E14: =+E11+E12+E13 -> 600 | G14: =+G10 -> 2000
A15: 합 계 | E15: =+E10+E14 -> 21180.64
A17: 1. 부자재비는 10kg 지대 포장( 제품명 : 몬스멕타 또는 항바산 ) 기준
A18: 2. 100ml, 200ml 디스펜서 포장( 제품명 : 피디겔 또는 로타겔 또는 파보겔 )시 부자재, 제조비 별도 계산
A19: 3. 셀라이프 포장( 제품명 : 몬스멕타 또는 파로코 )시 부자재, 제조비 별도 계산
A21: < 액상 현탁액(겔) 시험구 시험 제조 >
A23: 1. 위와 같이 100g을 만든 후, 미리 만든 겔(정제수 57ml+바실러스 1ml+글리세린 25ml+잔탄검 0.3g) 순서대로 혼합한 준비용액 85ml에 위의 몬스멕타 가루 15g 잘 섞어 혼합한 후 상태를 확인한다. 100ml가 안될 경우 정제수를 추가하여 가급적 100ml를 맞추도록 한다.
A24: 2. 24시간후 위 3갸지 시험구 상태를 확인한다.
A25: 3. 7일후 위 3갸지 시험구 상태를 확인한다.
A26: 4. 30일후 위 3갸지 시험구 상태를 확인한다.

Sheet 몬스멕타(액상-20L)_2차
A1: 몬스멕타
A2: ( Monsmeta )
A3: 성 분 | B3: 성분량 | C3: 단가 | D3: % | E3: \/kg | F3: 20,000ml | G3: 비고
A4: 1. 몬스멕타 | B4: 0.98 | C4: =+'몬스멕타(2차)'!E15 -> 21180.64 | D4: 0.1 | E4: =C4*D4 -> 2118.064 | F4: =+D4*20000 -> 2000
A5: 2. 글리세린 | B5: 0.9 | C5: 3000 | D5: =28.6%*90% -> 0.2574 | E5: =+C5*D5 -> 772.2 | F5: =+D5*20000 -> 5148
A6: 3. 잔탄검 | C6: 77000 | D6: =0.3%*90% -> 0.0027 | E6: =+C6*D6 -> 207.9 | F6: =+D6*20000 -> 54
A7: 4. 정제수 | C7: 10 | D7: =67.6%*90%+0.0009 -> 0.6093 | E7: =+C7*D7 -> 6.093 | F7: =+D7*20000 -> 12186
A8: 5. Bacillus Subtilis | B8: 1.0x10^10 이상/kg | C8: 8500 | D8: =1.1%*90% -> 0.0099 | E8: =+C8*D8 -> 84.15 | F8: =+D8*20000 -> 198 | G8: 항바이러스 기능
A9: 6. 마티바 유화제 | C9: 18900 | D9: =2.3%*90% -> 0.0207 | E9: =+C9*D9 -> 391.23 | F9: =+D9*20000 -> 414
A10: 소계 | D10: =SUM(D4:D9) -> 1 | E10: =SUM(E4:E9) -> 3579.637 | F10: =SUM(F4:F9) -> 20000
A11: 7. 부자재 | E11: 500
A12: 8. 제조비 | E12: 1000
A13: 9. 기타(물류비) | E13: 0
A14: 소계 | E14: =+E11+E12+E13 -> 1500 | F14: =+F10 -> 20000 | H14: 200개
A15: 합 계 | E15: =+E10+E14 -> 5079.637
A17: 1. 부자재비는 10kg 지대 포장( 제품명 : 몬스멕타 또는 항바산 ) 기준
A18: 2. 100ml, 200ml 디스펜서 포장( 제품명 : 피디겔 또는 로타겔 또는 파보겔 )시 부자재, 제조비 별도 계산
A19: 3. 셀라이프 포장( 제품명 : 몬스멕타 또는 파로코 )시 부자재, 제조비 별도 계산
A21: < 액상 현탁액(겔) 시제품 제조 >
A22: 1. 앞에 시트에서와 같이 3,000g을 만든 후, 미리 만든 겔(정제수 18,510ml+바실러스 300l+글리세린 7,500ml+잔탄검 90.0g+유화제 600ml)를 순서대로 혼합한 준비용액 25,500ml에 앞의 몬스멕타 가루 4,500g 잘 섞어 혼합한 후, 30,000 ml가 안될 경우 정제수를 추가하여 가급적 30,000 ml를 맞추도록 한다. 이것을 100ml 100병, 200ml 100병에 분주한다.

Sheet 몬스멕타(3차)
A1: 몬스멕타
A2: ( Monsmeta )
A3: 성 분 | B3: 성분량 | C3: 단가 | D3: % | E3: \/kg | F3: 100g | G3: 20,000g | H3: 비고
A4: 1. LIQI(montmorillonite) 1,000 mesh | B4: 0.98 | C4: 21700 | D4: 0.9312 | E4: =C4*D4 -> 20207.04 | F4: =+D4*100 -> 93.12 | G4: =+D4*20000 -> 18624 | H4: =+F4+G4 -> 18717.12
A5: 2. Glucose | B5: 0.9 | C5: 3000 | D5: 0.05 | E5: =+C5*D5 -> 150 | F5: =+D5*100 -> 5 | G5: =+D5*20000 -> 1000
A6: 3. Vit. A(1,000,000P IU/kg) | B6: 500,000IU/kg | C6: 77000 | D6: 0.0008 | E6: =+C6*D6 -> 61.6 | F6: =+D6*100 -> 0.08 | G6: =+D6*20000 -> 16
A7: 4. Sodium Acetate | B7: 0.95 | C7: 13000 | D7: 0.005 | E7: =+C7*D7 -> 65 | F7: =+D7*100 -> 0.5 | G7: =+D7*20000 -> 100
A8: 5. Sodium Propionate | B8: 0.95 | C8: 4000 | D8: 0.003 | E8: =+C8*D8 -> 12 | F8: =+D8*100 -> 0.3 | G8: =+D8*20000 -> 60
A9: 6. Bacillus Subtilis(DNG1000) | B9: 1.0x10^10 이상/kg | C9: 8500 | D9: 0.01 | E9: =+C9*D9 -> 85 | F9: =+D9*100 -> 1 | G9: =+D9*20000 -> 200
A10: 소계 | D10: =SUM(D4:D9) -> 1 | E10: =SUM(E4:E9) -> 20580.64 | F10: =SUM(F4:F9) -> 100 | G10: =SUM(G4:G9) -> 20000
A11: 7. 부자재 | E11: 100
A12: 8. 제조비 | E12: 500
A13: 9. 기타(물류비) | E13: 0
A14: 소계 | E14: =+E11+E12+E13 -> 600 | G14: =+G10 -> 20000
A15: 합 계 | E15: =+E10+E14 -> 21180.64
A17: 1. 부자재비는 10kg 지대 포장( 제품명 : 몬스멕타 또는 항바산 ) 기준
A18: 2. 100ml, 200ml 디스펜서 포장( 제품명 : 피디겔 또는 로타겔 또는 파보겔 )시 부자재, 제조비 별도 계산
A19: 3. 셀라이프 포장( 제품명 : 몬스멕타 또는 파로코 )시 부자재, 제조비 별도 계산
A21: < 액상 현탁액(겔) 시험구 시험 제조 >
A23: 1. 위와 같이 100g을 만든 후, 미리 만든 겔(정제수 57ml+바실러스 1ml+글리세린 25ml+잔탄검 0.3g) 순서대로 혼합한 준비용액 85ml에 위의 몬스멕타 가루 15g 잘 섞어 혼합한 후 상태를 확인한다. 100ml가 안될 경우 정제수를 추가하여 가급적 100ml를 맞추도록 한다.
A24: 2. 24시간후 위 3갸지 시험구 상태를 확인한다.
A25: 3. 7일후 위 3갸지 시험구 상태를 확인한다.
A26: 4. 30일후 위 3갸지 시험구 상태를 확인한다.

Sheet 몬스멕타(액상-200L)_3차
A1: 몬스멕타
A2: ( Monsmeta )
A3: 성 분 | B3: 성분량 | C3: 단가 | D3: % | E3: \/kg | F3: 200,000ml | G3: 비고
A4: 1. 몬스멕타 | B4: 0.98 | C4: =+'몬스멕타(3차)'!E15 -> 21180.64 | D4: 0.1 | E4: =C4*D4 -> 2118.064 | F4: =+D4*200000 -> 20000
A5: 2. 글리세린 | B5: 0.9 | C5: 3000 | D5: =28.6%*90% -> 0.2574 | E5: =+C5*D5 -> 772.2 | F5: =+D5*200000 -> 51480
A6: 3. 잔탄검 | C6: 77000 | D6: =0.3%*90% -> 0.0027 | E6: =+C6*D6 -> 207.9 | F6: =+D6*200000 -> 540
A7: 4. 정제수 | C7: 10 | D7: =67.6%*90%+0.0009 -> 0.6093 | E7: =+C7*D7 -> 6.093 | F7: =+D7*200000 -> 121860
A8: 5. Bacillus Subtilis | B8: 1.0x10^10 이상/kg | C8: 8500 | D8: =1.1%*90% -> 0.0099 | E8: =+C8*D8 -> 84.15 | F8: =+D8*200000 -> 1980 | G8: 항바이러스 기능 | H8: 2L
A9: 6. 마티바 유화제 | C9: 18900 | D9: =2.3%*90% -> 0.0207 | E9: =+C9*D9 -> 391.23 | F9: =+D9*200000 -> 4140 | H9: =+F9/500 -> 8.28 | I9: 9병
A10: 소계 | D10: =SUM(D4:D9) -> 1 | E10: =SUM(E4:E9) -> 3579.637 | F10: =SUM(F4:F9) -> 200000
A11: 7. 부자재 | E11: 500
A12: 8. 제조비 | E12: 1000 | H12: 몬스멕타 | I12: 파보겔
A13: 9. 기타(물류비) | E13: 0 | H13: 100ml | I13: 100ml | J13: 200ml | K13: 500ml
A14: 소계 | E14: =+E11+E12+E13 -> 1500 | F14: =+F10 -> 200000 | H14: 300개 | I14: 200개 | J14: 500개 | K14: 100개
A15: 합 계 | E15: =+E10+E14 -> 5079.637
A17: 1. 부자재비는 10kg 지대 포장( 제품명 : 몬스멕타 또는 항바산 ) 기준
A18: 2. 100ml, 200ml 디스펜서 포장( 제품명 : 피디겔 또는 로타겔 또는 파보겔 )시 부자재, 제조비 별도 계산
A19: 3. 셀라이프 포장( 제품명 : 몬스멕타 또는 파로코 )시 부자재, 제조비 별도 계산
A21: < 액상 현탁액(겔) 시제품 제조 >
A22: 1. 앞에 시트에서와 같이 3,000g을 만든 후, 미리 만든 겔(정제수 18,510ml+바실러스 300l+글리세린 7,500ml+잔탄검 90.0g+유화제 600ml)를 순서대로 혼합한 준비용액 25,500ml에 앞의 몬스멕타 가루 4,500g 잘 섞어 혼합한 후, 30,000 ml가 안될 경우 정제수를 추가하여 가급적 30,000 ml를 맞추도록 한다. 이것을 100ml 100병, 200ml 100병에 분주한다.

Sheet 몬스멕타(4차)
A1: 몬스멕타
A2: ( Monsmeta )
A3: 성 분 | B3: 성분량 | C3: 단가 | D3: % | E3: \/kg | F3: 100g | G3: 20,000g | H3: 비고
A4: 1. LIQI(montmorillonite) 1,000 mesh | B4: 0.98 | C4: 21700 | D4: 0.8297 | E4: =C4*D4 -> 18004.49 | F4: =+D4*100 -> 82.97 | G4: =+D4*20000 -> 16594 | H4: =+F4+G4 -> 16676.97 | I4: =+G4+'몬스멕타(3차)'!G4 -> 35218 | J4: =+I4/1000/25 -> 1.40872
A5: 2. Glucose | B5: 0.9 | C5: 3000 | D5: 0.15 | E5: =+C5*D5 -> 450 | F5: =+D5*100 -> 15 | G5: =+D5*20000 -> 3000
A6: 3. Vit. A(1,000,000P IU/kg) | B6: 300,000IU/kg | C6: 77000 | D6: 0.0003 | E6: =+C6*D6 -> 23.1 | F6: =+D6*100 -> 0.03 | G6: =+D6*20000 -> 6
A7: 4. Sodium Acetate | B7: 0.95 | C7: 13000 | D7: 0.01 | E7: =+C7*D7 -> 130 | F7: =+D7*100 -> 1 | G7: =+D7*20000 -> 200
A8: 5. Sodium Propionate | B8: 0.95 | C8: 4000 | D8: 0.01 | E8: =+C8*D8 -> 40 | F8: =+D8*100 -> 1 | G8: =+D8*20000 -> 200
A9: 소계 | D9: =SUM(D4:D8) -> 1 | E9: =SUM(E4:E8) -> 18647.59 | F9: =SUM(F4:F8) -> 100 | G9: =SUM(G4:G8) -> 20000
A10: 7. 부자재 | E10: 100
A11: 8. 제조비 | E11: 500
A12: 9. 기타(물류비) | E12: 0
A13: 소계 | E13: =+E10+E11+E12 -> 600 | G13: =+G9 -> 20000
A14: 합 계 | E14: =+E9+E13 -> 19247.59
A16: 1. 부자재비는 10kg 지대 포장( 제품명 : 몬스멕타 또는 항바산 ) 기준
A17: 2. 100ml, 200ml 디스펜서 포장( 제품명 : 피디겔 또는 로타겔 또는 파보겔 )시 부자재, 제조비 별도 계산
A18: 3. 셀라이프 포장( 제품명 : 몬스멕타 또는 파로코 )시 부자재, 제조비 별도 계산
A20: < 액상 현탁액(겔) 시험구 시험 제조 >
A22: 1. 위와 같이 100g을 만든 후, 미리 만든 겔(정제수 59ml+바실러스 1ml+글리세린 25ml+잔탄검 0.3g) 순서대로 혼합한 준비용액 85ml에 위의 몬스멕타 가루 15g 잘 섞어 혼합한 후 상태를 확인한다. 100ml가 안될 경우 정제수를 추가하여 가급적 100ml를 맞추도록 한다.
A23: 2. 24시간후 위 3갸지 시험구 상태를 확인한다.
A24: 3. 7일후 위 3갸지 시험구 상태를 확인한다.
A25: 4. 30일후 위 3갸지 시험구 상태를 확인한다.

Sheet 몬스멕타(액상-200L)_4차
A1: 몬스멕타
A2: ( Monsmeta )
A3: 성 분 | B3: 성분량 | C3: 단가 | D3: % | E3: \/kg | F3: 200,000ml | G3: 비고
A4: 1. 몬스멕타 | B4: 0.98 | C4: =+'몬스멕타(1차)'!E9 -> 18647.59 | D4: 0.1 | E4: =C4*D4 -> 1864.759 | F4: =+D4*200000 -> 20000
A5: 2. 글리세린 | B5: 0.9 | C5: 3000 | D5: 0.25 | E5: =+C5*D5 -> 750 | F5: =+D5*200000 -> 50000
A6: 3. 잔탄검 | C6: 77000 | D6: 0.003 | E6: =+C6*D6 -> 231 | F6: =+D6*200000 -> 600
A7: 4. 정제수 | C7: 10 | D7: 0.617 | E7: =+C7*D7 -> 6.17 | F7: =+D7*200000 -> 123400
A8: 5. Bacillus Subtilis | B8: 1.0x10^10 이상/kg | C8: 8500 | D8: 0.01 | E8: =+C8*D8 -> 85 | F8: =+D8*200000 -> 2000 | G8: 항바이러스 기능 | H8: =+F8+'몬스멕타(액상-200L)_3차'!F8 -> 3980 | I8: =+H8/1000 -> 3.98
A9: 6. 마티바 유화제 | C9: 18900 | D9: 0.02 | E9: =+C9*D9 -> 378 | F9: =+D9*200000 -> 4000
A10: 소계 | D10: =SUM(D4:D9) -> 1 | E10: =SUM(E4:E9) -> 3314.929 | F10: =SUM(F4:F9) -> 200000
A11: 7. 부자재 | E11: 500
A12: 8. 제조비 | E12: 1000
A13: 9. 기타(물류비) | E13: 0
A14: 소계 | E14: =+E11+E12+E13 -> 1500 | F14: =+F10 -> 200000
A15: 합 계 | E15: =+E10+E14 -> 4814.929 | H15: 2000
A17: 1. 부자재비는 10kg 지대 포장( 제품명 : 몬스멕타 또는 항바산 ) 기준
A18: 2. 100ml, 200ml 디스펜서 포장( 제품명 : 피디겔 또는 로타겔 또는 파보겔 )시 부자재, 제조비 별도 계산
A19: 3. 셀라이프 포장( 제품명 : 몬스멕타 또는 파로코 )시 부자재, 제조비 별도 계산
A21: < 액상 현탁액(겔) 시험구 시험 제조 >
A23: 1. 앞에 시트에서와 같이 30,000g을 만든 후, 미리 만든 겔(정제수 185,100ml+바실러스 3,000ml+글리세린 75,000ml+잔탄검 900.0g+유화제 6,000ml)를 순서대로 혼합한 준비용액 270,000ml에
A24: 앞의 몬스멕타 가루 30,000g 잘 섞어 혼합한 후, 300,000 ml가 안될 경우 정제수를 추가하여 가급적 30,000 ml를 맞추도록 한다. 이것을 100ml 100병, 200ml 100병에 분주한다.

Sheet 몬스멕타(5차)
A1: 몬스멕타
A2: ( Monsmeta )
A3: 성 분 | B3: 성분량 | C3: 단가 | D3: % | E3: \/kg | F3: 100g | G3: 100,000g | H3: 비고
A4: 1. LIQI(montmorillonite) 1,000 mesh | B4: 0.98 | C4: 21700 | D4: 0.8297 | E4: =C4*D4 -> 18004.49 | F4: =+D4*100 -> 82.97 | G4: =+D4*100000 -> 82970 | H4: =+F4+G4 -> 83052.97 | I4: =+G4+'몬스멕타(4차)'!I4 -> 118188 | J4: =+I4/1000/25 -> 4.72752
A5: 2. Glucose | B5: 0.9 | C5: 3000 | D5: 0.15 | E5: =+C5*D5 -> 450 | F5: =+D5*100 -> 15 | G5: =+D5*100000 -> 15000
A6: 3. Vit. A(1,000,000P IU/kg) | B6: 300,000IU/kg | C6: 77000 | D6: 0.0003 | E6: =+C6*D6 -> 23.1 | F6: =+D6*100 -> 0.03 | G6: =+D6*100000 -> 30
A7: 4. Sodium Acetate | B7: 0.95 | C7: 13000 | D7: 0.01 | E7: =+C7*D7 -> 130 | F7: =+D7*100 -> 1 | G7: =+D7*100000 -> 1000
A8: 5. Sodium Propionate | B8: 0.95 | C8: 4000 | D8: 0.01 | E8: =+C8*D8 -> 40 | F8: =+D8*100 -> 1 | G8: =+D8*100000 -> 1000
A9: 소계 | D9: =SUM(D4:D8) -> 1 | E9: =SUM(E4:E8) -> 18647.59 | F9: =SUM(F4:F8) -> 100 | G9: =SUM(G4:G8) -> 100000
A10: 7. 부자재 | E10: 100
A11: 8. 제조비 | E11: 500
A12: 9. 기타(물류비) | E12: 0
A13: 소계 | E13: =+E10+E11+E12 -> 600 | G13: =+G9 -> 100000
A14: 합 계 | E14: =+E9+E13 -> 19247.59
A16: 1. 부자재비는 10kg 지대 포장( 제품명 : 몬스멕타 또는 항바산 ) 기준
A17: 2. 100ml, 200ml 디스펜서 포장( 제품명 : 피디겔 또는 로타겔 또는 파보겔 )시 부자재, 제조비 별도 계산
A18: 3. 셀라이프 포장( 제품명 : 몬스멕타 또는 파로코 )시 부자재, 제조비 별도 계산
A20: < 액상 현탁액(겔) 시험구 시험 제조 >
A22: 1. 위와 같이 100g을 만든 후, 미리 만든 겔(정제수 59ml+바실러스 1ml+글리세린 25ml+잔탄검 0.3g) 순서대로 혼합한 준비용액 85ml에 위의 몬스멕타 가루 15g 잘 섞어 혼합한 후 상태를 확인한다. 100ml가 안될 경우 정제수를 추가하여 가급적 100ml를 맞추도록 한다.
A23: 2. 24시간후 위 3갸지 시험구 상태를 확인한다.
A24: 3. 7일후 위 3갸지 시험구 상태를 확인한다.
A25: 4. 30일후 위 3갸지 시험구 상태를 확인한다.

Sheet 몬스멕타(액상-1,000L)_5차
A1: 몬스멕타
A2: ( Monsmeta )
A3: 성 분 | B3: 성분량 | C3: 단가 | D3: % | E3: \/kg | F3: 1,000,000ml | G3: 비고
A4: 1. 몬스멕타 | B4: 0.98 | C4: =+'몬스멕타(1차)'!E9 -> 18647.59 | D4: 0.1 | E4: =C4*D4 -> 1864.759 | F4: =+D4*1000000 -> 100000
A5: 2. 글리세린 | B5: 0.9 | C5: 3000 | D5: 0.25 | E5: =+C5*D5 -> 750 | F5: =+D5*1000000 -> 250000
A6: 3. 잔탄검 | C6: 77000 | D6: 0.003 | E6: =+C6*D6 -> 231 | F6: =+D6*1000000 -> 3000
A7: 4. 정제수 | C7: 10 | D7: 0.617 | E7: =+C7*D7 -> 6.17 | F7: =+D7*1000000 -> 617000
A8: 5. Bacillus Subtilis | B8: 1.0x10^10 이상/kg | C8: 8500 | D8: 0.01 | E8: =+C8*D8 -> 85 | F8: =+D8*1000000 -> 10000 | G8: 항바이러스 기능 | H8: =+'몬스멕타(액상-200L)_4차'!H8+'몬스멕타(액상-1,000L)_5차'!F8 -> 13980 | I8: =+H8/1000 -> 13.98
A9: 6. 마티바 유화제 | C9: 18900 | D9: 0.02 | E9: =+C9*D9 -> 378 | F9: =+D9*1000000 -> 20000
A10: 소계 | D10: =SUM(D4:D9) -> 1 | E10: =SUM(E4:E9) -> 3314.929 | F10: =SUM(F4:F9) -> 1000000
A11: 7. 부자재 | E11: 500
A12: 8. 제조비 | E12: 1000
A13: 9. 기타(물류비) | E13: 0
A14: 소계 | E14: =+E11+E12+E13 -> 1500 | F14: =+F10 -> 1000000
A15: 합 계 | E15: =+E10+E14 -> 4814.929 | H15: 10000
A17: 1. 부자재비는 10kg 지대 포장( 제품명 : 몬스멕타 또는 항바산 ) 기준
A18: 2. 100ml, 200ml 디스펜서 포장( 제품명 : 피디겔 또는 로타겔 또는 파보겔 )시 부자재, 제조비 별도 계산
A19: 3. 셀라이프 포장( 제품명 : 몬스멕타 또는 파로코 )시 부자재, 제조비 별도 계산
A21: < 액상 현탁액(겔) 시험구 시험 제조 >
A23: 1. 앞에 시트에서와 같이 30,000g을 만든 후, 미리 만든 겔(정제수 185,100ml+바실러스 3,000ml+글리세린 75,000ml+잔탄검 900.0g+유화제 6,000ml)를 순서대로 혼합한 준비용액 270,000ml에
A24: 앞의 몬스멕타 가루 30,000g 잘 섞어 혼합한 후, 300,000 ml가 안될 경우 정제수를 추가하여 가급적 30,000 ml를 맞추도록 한다. 이것을 100ml 100병, 200ml 100병에 분주한다.
